word,score
stare,3.1173668254655693
slate,3.093980077955825
crate,3.063663923776527
irate,3.0558683412732783
snare,3.0515374621048075
stale,3.042875703767865
arise,3.0220874837592033
store,3.0207882200086615
arose,3.0173235166738848
crane,3.0017323516673886
raise,2.9987007362494587
trace,2.9926375054135987
saute,2.9870073624945865
scare,2.9740147249891726
share,2.961022087483759
caste,2.956691208315288
snore,2.9549588566478997
stole,2.946297098310957
grate,2.941966219142486
saner,2.9406669553919444
teary,2.9250757903854483
parse,2.924642702468601
trade,2.909917713295799
crone,2.905153746210481
trice,2.9008228670420095
stone,2.9003897791251623
scale,2.899523603291468
blare,2.898657427457774
spare,2.8973581637072328
paste,2.892161108705067
glare,2.8891294932871374
plate,2.887830229536596
shale,2.8865309657860547
suite,2.8830662624512775
score,2.877436119532265
aisle,2.8752706799480294
prose,2.874837592031182
alone,2.8718059766132527
shire,2.86920744911217
later,2.8687743611953227
cater,2.8674750974447814
shore,2.8644434820268514
solar,2.862711130359463
slice,2.862278042442616
haste,2.86011260285838
canoe,2.8596795149415333
stair,2.852317020355132
saint,2.8488523170203552
trail,2.848419229103508
sauce,2.8471199653529666
alert,2.8462537895192725
baste,2.844521437851884
prone,2.84062364660026
atone,2.836725855348636
salty,2.836725855348636
noise,2.833694239930706
alter,2.832828064097012
flare,2.831095712429623
slant,2.8280640970116933
close,2.8280640970116933
trial,2.8276310090948464
plane,2.825898657427458
early,2.8224339540926806
drone,2.8215677782589865
cause,2.8176699870073625
least,2.81507145950628
route,2.812472932005197
urine,2.811606756171503
brace,2.811606756171503
sonar,2.809441316587267
steal,2.8072758770030317
horse,2.806409701169337
spire,2.805543525335643
stray,2.8033780857514077
heart,2.8033780857514077
grace,2.8020788220008663
spore,2.800779558250325
roast,2.8003464703334777
snarl,2.7981810307492423
brine,2.797747942832395
learn,2.7951494153313123
poise,2.794716327414465
clone,2.793850151580771
crest,2.7934170636639237
train,2.791684711996535
siren,2.7903854482459938
paler,2.787786920744911
tripe,2.7864876569943697
pearl,2.786054569077523
rouse,2.7847553053269816
stage,2.782156777825899
trope,2.7817236899090516
loser,2.7812906019922043
leant,2.780857514075357
slide,2.7795582503248157
clear,2.7782589865742744
story,2.773061931572109
truce,2.773061931572109
rinse,2.7717626678215677
hater,2.7708964919878736
relay,2.769164140320485
stern,2.768731052403638
price,2.7674317886530964
artsy,2.7592031182330015
write,2.758770030316154
satin,2.758770030316154
curse,2.757470766565613
scone,2.7570376786487656
borne,2.7566045907319188
react,2.75487223906453
wrote,2.754006063230836
pause,2.7531398873971415
slain,2.7531398873971415
lance,2.750974447812906
snort,2.750974447812906
forte,2.750974447812906
cleat,2.7501082719792116
haute,2.7488090082286702
shine,2.7488090082286702
place,2.747942832394976
since,2.747942832394976
coast,2.747076656561282
spite,2.747076656561282
salon,2.7444781290601994
tread,2.7444781290601994
shone,2.744045041143352
waste,2.743611953226505
slope,2.743178865309658
style,2.742745777392811
dealt,2.7418796015591167
large,2.7414465136422694
baler,2.740147249891728
great,2.739714161974881
adore,2.7392810740580336
tried,2.736249458640104
false,2.7353832828064095
carol,2.7336509311390214
chase,2.733217843222174
tenor,2.733217843222174
louse,2.732784755305327
nurse,2.7319185794716327
brute,2.7319185794716327
shear,2.728453876136856
lathe,2.7275877003031614
scary,2.72628843655262
drape,2.7258553486357733
slime,2.725422260718926
chore,2.7228237332178433
table,2.721957557384149
cairn,2.721524469467302
grade,2.719359029883066
stain,2.7180597661325248
coral,2.717626678215678
prune,2.717626678215678
rainy,2.7167605023819834
poser,2.715461238631442
alien,2.713728886964054
tribe,2.713728886964054
taper,2.7119965352966653
utile,2.7111303594629708
trash,2.7102641836292767
renal,2.7102641836292767
ratio,2.7102641836292767
snail,2.7089649198787353
lapse,2.7072325682113467
those,2.7055002165439586
plier,2.7055002165439586
party,2.704634040710264
beast,2.7016024252923345
smite,2.70073624945864
dairy,2.700303161541793
space,2.699003897791252
yeast,2.6985708098744046
skate,2.6981377219575573
farce,2.697271546123863
stake,2.696838458207016
smote,2.695972282373322
cutie,2.6955391944564746
crime,2.6951061065396273
arson,2.693373754872239
purse,2.692940666955392
earth,2.6916414032048506
triad,2.6912083152880033
worse,2.689909051537462
grape,2.6877436119532265
hairy,2.6873105240363793
pleat,2.685578172368991
trite,2.685578172368991
spine,2.685145084452144
pride,2.6847119965352966
smile,2.6847119965352966
nasty,2.6834127327847552
satyr,2.682979644867908
shalt,2.682546556951061
nosey,2.682546556951061
shade,2.6799480294499785
stein,2.679514941533131
yearn,2.678648765699437
snide,2.678648765699437
meaty,2.6760502381983544
cruel,2.6760502381983544
grant,2.6760502381983544
tamer,2.675617150281507
layer,2.675617150281507
matey,2.6738847986141185
salve,2.6721524469467304
talon,2.671719359029883
state,2.671719359029883
stead,2.670853183196189
taste,2.6704200952793418
phase,2.668687743611953
cried,2.667388479861412
swore,2.6669553919445645
range,2.6660892161108705
dance,2.6660892161108705
shirt,2.6652230402771764
spear,2.664789952360329
surly,2.6630576006929405
unite,2.6613252490255523
petal,2.660892161108705
short,2.660459073191858
mealy,2.660025985275011
inert,2.6595928973581637
tonal,2.6591598094413165
meant,2.657860545690775
grail,2.657860545690775
crony,2.6574274577739283
panel,2.656994369857081
liner,2.656994369857081
polar,2.6565612819402338
safer,2.654828930272845
water,2.6543958423559983
cable,2.653096578605457
plait,2.653096578605457
stony,2.6526634906886097
scaly,2.6517973148549157
crave,2.6513642269380684
surge,2.650064963187527
irony,2.64963187527068
resin,2.64963187527068
scant,2.64963187527068
truly,2.649198787353833
diary,2.6487656994369857
droit,2.6487656994369857
peril,2.6487656994369857
shape,2.6483326115201384
outer,2.6474664356864444
smart,2.647033347769597
snipe,2.647033347769597
stave,2.6466002598527503
delta,2.646167171935903
inter,2.646167171935903
tilde,2.6457340840190557
pasty,2.6444348202685144
clean,2.6440017323516676
weary,2.643135556517973
caper,2.643135556517973
paint,2.6427024686011262
trend,2.642269380684279
risen,2.6418362927674317
print,2.641403204850585
crash,2.641403204850585
merit,2.6409701169337376
drain,2.639237765266349
cadet,2.638371589432655
staid,2.638371589432655
bleat,2.6379385015158077
bride,2.6370723256821136
chose,2.6366392377652663
onset,2.636206149848419
sadly,2.6349068860978777
house,2.6349068860978777
boast,2.6349068860978777
sober,2.6340407102641836
feast,2.6340407102641836
acute,2.632308358596795
delay,2.632308358596795
sepia,2.631442182763101
boule,2.6310090948462537
snake,2.6310090948462537
prime,2.630576006929407
ready,2.628410567345171
barge,2.627977479428324
shame,2.6258120398440883
daily,2.6258120398440883
heist,2.625378951927241
treat,2.624512776093547
leash,2.624512776093547
entry,2.624512776093547
trove,2.623646600259853
deity,2.6223473365093115
plant,2.6219142485924642
erase,2.6219142485924642
crude,2.621481160675617
corny,2.62104807275877
copse,2.619748809008229
pulse,2.6188826331745343
smear,2.6184495452576875
soapy,2.6184495452576875
patsy,2.61801645734084
drake,2.61801645734084
heard,2.617583369423993
blade,2.617583369423993
spade,2.6162841056734516
tardy,2.6154179298397575
chart,2.6154179298397575
untie,2.6154179298397575
daisy,2.614118666089216
bathe,2.614118666089216
lager,2.614118666089216
court,2.613685578172369
crust,2.6123863144218276
argue,2.6123863144218276
hasty,2.6123863144218276
ultra,2.6119532265049803
horde,2.6115201385881335
singe,2.611087050671286
scent,2.611087050671286
force,2.611087050671286
brain,2.610653962754439
strap,2.610220874837592
anode,2.610220874837592
payer,2.609787786920745
mouse,2.609787786920745
sedan,2.6093546990038976
blast,2.6084885231702035
glade,2.6080554352533563
agile,2.6076223473365094
stand,2.607189259419662
frame,2.607189259419662
spice,2.607189259419662
hotel,2.607189259419662
metro,2.6050238198354267
carve,2.6045907319185795
feral,2.6045907319185795
fairy,2.604157644001732
metal,2.6037245560848854
guile,2.6037245560848854
realm,2.6037245560848854
afire,2.6037245560848854
sloth,2.602858380251191
palsy,2.602858380251191
pried,2.602858380251191
inlet,2.602858380251191
pesto,2.602425292334344
beard,2.601992204417497
cedar,2.601992204417497
aider,2.6011260285838027
grain,2.6011260285838027
miser,2.6011260285838027
latte,2.6006929406669554
poesy,2.600259852750108
stoke,2.600259852750108
tease,2.5998267648332614
frail,2.5998267648332614
molar,2.599393676916414
saucy,2.599393676916414
slept,2.5972282373321782
sport,2.5967951494153314
gripe,2.595928973581637
tapir,2.595928973581637
maple,2.595928973581637
moral,2.595928973581637
shoal,2.5928973581637074
patio,2.59246427024686
penal,2.59246427024686
trait,2.592031182330013
guise,2.592031182330013
goner,2.5911650064963188
grope,2.5911650064963188
flier,2.5902988306626247
brake,2.58943265482893
leapt,2.588566478995236
aside,2.587700303161542
gaily,2.587700303161542
cream,2.5864010394110006
solve,2.5859679514941534
noisy,2.5859679514941534
stark,2.5859679514941534
loath,2.585534863577306
their,2.584668687743612
lithe,2.5842355998267648
spray,2.5833694239930707
motel,2.5820701602425293
steam,2.581637072325682
wrest,2.5803378085751407
spelt,2.5803378085751407
bloat,2.5799047206582935
teach,2.5799047206582935
spiel,2.5790385448245994
solid,2.577739281074058
enact,2.576873105240364
alike,2.5764400173235167
taker,2.5764400173235167
start,2.5755738414898226
islet,2.5755738414898226
groan,2.5755738414898226
probe,2.5755738414898226
grime,2.5734084019055867
diner,2.5721091381550454
shard,2.5712429623213513
posit,2.5712429623213513
piety,2.570809874404504
broil,2.570809874404504
gloat,2.5703767864876568
death,2.5673451710697273
scorn,2.5673451710697273
crept,2.56691208315288
flair,2.566045907319186
older,2.5656128194023387
scope,2.5647466435686446
baron,2.5647466435686446
reach,2.5643135556517973
bread,2.5634473798181032
blame,2.5634473798181032
suave,2.5625812039844087
manor,2.562148116067562
heron,2.5608488523170205
anime,2.5608488523170205
sandy,2.5608488523170205
basil,2.5604157644001733
repay,2.559982676483326
sower,2.559549588566479
cheat,2.5586834127327847
hoist,2.5586834127327847
eclat,2.5573841489822433
prude,2.5569510610653965
point,2.5565179731485492
valet,2.556084885231702
warty,2.556084885231702
frost,2.5556517973148547
opine,2.555218709398008
gruel,2.5543525335643134
chair,2.5543525335643134
shorn,2.5543525335643134
nicer,2.5534863577306193
slang,2.5534863577306193
inane,2.553053269813772
splat,2.553053269813772
super,2.553053269813772
flute,2.553053269813772
gayer,2.552620181896925
angle,2.5517540060632307
terse,2.5517540060632307
swine,2.551320918146384
hoard,2.5508878302295366
stove,2.5500216543958425
briny,2.5500216543958425
pansy,2.5495885664789952
plain,2.5469900389779125
tarot,2.5461238631442185
fetal,2.545690775227371
glory,2.544824599393677
honey,2.54439151147683
relic,2.54439151147683
scree,2.5439584235599826
foray,2.5435253356431358
craze,2.5426591598094412
dirty,2.542226071892594
storm,2.541792983975747
chute,2.5413598960589
noble,2.5413598960589
flora,2.5409268081420526
cagey,2.5409268081420526
serif,2.5409268081420526
shake,2.540493720225206
brave,2.5391944564746645
actor,2.5391944564746645
strip,2.5391944564746645
tiger,2.53832828064097
elate,2.53832828064097
phone,2.537895192724123
rouge,2.5357297531398872
naive,2.5352966652230404
flirt,2.5352966652230404
board,2.5352966652230404
opera,2.5352966652230404
spent,2.534430489389346
smelt,2.533997401472499
creak,2.533997401472499
miner,2.533997401472499
giant,2.533997401472499
moist,2.533564313555652
laden,2.533564313555652
today,2.5322650498051105
credo,2.5322650498051105
timer,2.5322650498051105
lease,2.5322650498051105
whale,2.531831961888263
braid,2.530965786054569
swear,2.530965786054569
cease,2.530965786054569
rusty,2.530532698137722
bluer,2.530099610220875
stoic,2.530099610220875
clash,2.530099610220875
grave,2.5296665223040278
ounce,2.5296665223040278
steak,2.5292334343871805
brash,2.5292334343871805
camel,2.5292334343871805
filer,2.5292334343871805
boney,2.5288003464703337
waist,2.5283672585534864
title,2.527934170636639
faint,2.527501082719792
spilt,2.527067994802945
wrist,2.527067994802945
harem,2.526634906886098
unset,2.5262018189692506
alive,2.5262018189692506
ramen,2.5257687310524037
snout,2.524902555218709
piano,2.524902555218709
nadir,2.524902555218709
intro,2.524902555218709
horny,2.5244694673018624
paper,2.524036379385015
regal,2.524036379385015
lunar,2.523603291468168
ovate,2.523603291468168
cider,2.523170203551321
glean,2.5223040277176265
front,2.5214378518839324
curly,2.5214378518839324
loose,2.5205716760502384
decry,2.5205716760502384
sharp,2.520138588133391
money,2.519272412299697
piney,2.519272412299697
royal,2.5188393243828497
glide,2.516240796881767
skier,2.51580770896492
facet,2.5145084452143784
inlay,2.514075357297531
fiery,2.514075357297531
dirge,2.513209181463837
voter,2.513209181463837
sonic,2.51277609354699
float,2.512343005630143
cameo,2.512343005630143
torus,2.512343005630143
leach,2.512343005630143
ulcer,2.5114768297964485
other,2.5114768297964485
stalk,2.5114768297964485
hotly,2.5114768297964485
north,2.5106106539627544
toast,2.510177566045907
scald,2.5097444781290603
wiser,2.5097444781290603
radio,2.509311390212213
raspy,2.5080121264616717
value,2.5071459506279776
shied,2.506279774794283
south,2.506279774794283
baton,2.5058466868774363
broad,2.505413598960589
coupe,2.5049805110437418
groin,2.504547423126895
decor,2.5041143352100477
manly,2.5041143352100477
reply,2.5036812472932004
acorn,2.5036812472932004
basin,2.5036812472932004
forty,2.5032481593763536
crisp,2.5032481593763536
rogue,2.5028150714595063
dream,2.5028150714595063
sweat,2.5028150714595063
decay,2.502381983542659
savor,2.502381983542659
nerdy,2.501515807708965
pilot,2.5010827197921177
filet,2.5010827197921177
shiny,2.5010827197921177
brand,2.4997834560415764
plead,2.4997834560415764
rifle,2.497618016457341
roach,2.497618016457341
decal,2.4967518406236464
remit,2.4963187527067996
flame,2.4958856647899523
daunt,2.4958856647899523
trawl,2.495452576873105
chant,2.4950194889562582
mason,2.4950194889562582
stall,2.4941533131225637
noose,2.493720225205717
count,2.4932871372888696
bribe,2.4928540493720224
broke,2.4928540493720224
comet,2.4924209614551756
serum,2.4924209614551756
slurp,2.4919878735383283
terra,2.4919878735383283
plied,2.491554785621481
mange,2.491121697704634
chest,2.490688609787787
berth,2.490688609787787
craft,2.490688609787787
prove,2.4902555218709397
grand,2.4902555218709397
shave,2.4902555218709397
stork,2.4893893460372456
aunty,2.4880900822867043
girly,2.4880900822867043
mercy,2.4880900822867043
fried,2.487656994369857
tower,2.486790818536163
worst,2.485924642702469
gamer,2.4850584668687743
uncle,2.4850584668687743
lousy,2.4850584668687743
mince,2.484625378951927
masse,2.48419229103508
clout,2.48419229103508
curio,2.48419229103508
scion,2.483759203118233
clasp,2.483759203118233
haunt,2.482893027284539
sally,2.482893027284539
tract,2.482893027284539
split,2.4820268514508443
thorn,2.4815937635339975
amuse,2.4815937635339975
crier,2.480294499783456
macro,2.4794283239497616
voice,2.478995236032915
idler,2.478995236032915
lusty,2.4785621481160676
twine,2.4785621481160676
heady,2.4785621481160676
rayon,2.4781290601992203
sugar,2.4776959722823735
slimy,2.4776959722823735
ocean,2.477262884365526
anger,2.477262884365526
croak,2.475963620614985
finer,2.475963620614985
drive,2.475963620614985
scour,2.4755305326981376
foist,2.4755305326981376
blurt,2.475097444781291
recut,2.475097444781291
forge,2.4742312689475963
grout,2.4737981810307494
spurt,2.4737981810307494
fable,2.473365093113902
grasp,2.473365093113902
marsh,2.472932005197055
glint,2.472932005197055
randy,2.472498917280208
setup,2.4716327414465136
troll,2.4711996535296663
drove,2.4711996535296663
crank,2.4703334776959722
taint,2.4703334776959722
cargo,2.469900389779125
dread,2.469900389779125
straw,2.469467301862278
tidal,2.469467301862278
valor,2.469034213945431
eater,2.4673018622780423
plaid,2.4673018622780423
spree,2.4673018622780423
scrap,2.4668687743611954
brunt,2.466002598527501
gorge,2.465569510610654
octal,2.465569510610654
stank,2.465569510610654
torch,2.465136422693807
labor,2.4647033347769596
sleet,2.4638371589432655
sneak,2.4634040710264182
beady,2.4629709831095714
first,2.462104807275877
melon,2.46167171935903
sling,2.46167171935903
dried,2.46167171935903
cloth,2.461238631442183
track,2.461238631442183
skirt,2.4608055435253355
broth,2.4603724556084887
olive,2.4599393676916415
pedal,2.4599393676916415
pecan,2.4590731918579474
scalp,2.4586401039411
spoil,2.458207016024253
three,2.458207016024253
choir,2.457773928107406
gaunt,2.457773928107406
retch,2.4573408401905588
steer,2.4569077522737115
grunt,2.4564746643568642
wrath,2.4560415764400174
white,2.4560415764400174
loamy,2.45560848852317
erupt,2.455175400606323
posse,2.455175400606323
mural,2.4504114335210048
hardy,2.4499783456041575
abort,2.4495452576873107
sound,2.4491121697704634
usage,2.4491121697704634
parer,2.447812906019922
cobra,2.447812906019922
scout,2.447379818103075
pouty,2.446946730186228
peach,2.4465136422693807
elite,2.4465136422693807
chide,2.4465136422693807
ankle,2.4465136422693807
recap,2.4460805543525335
fault,2.4456474664356866
orbit,2.444781290601992
abuse,2.4443482026851453
purge,2.443915114768298
sorry,2.443915114768298
organ,2.443915114768298
clove,2.4434820268514508
crass,2.4426158510177567
claim,2.4426158510177567
spied,2.4426158510177567
taken,2.4421827631009094
guest,2.4413165872672153
burst,2.4413165872672153
sooty,2.440883499350368
clerk,2.440883499350368
ideal,2.440017323516674
while,2.440017323516674
cache,2.440017323516674
tonic,2.440017323516674
after,2.4395842355998267
heath,2.4382849718492854
spiny,2.4374187960155913
mayor,2.4374187960155913
leaky,2.436985708098744
biome,2.43611953226505
email,2.43611953226505
whole,2.4352533564313554
dunce,2.4343871805976613
shout,2.4343871805976613
tangy,2.433954092680814
halve,2.433954092680814
slash,2.4335210047639673
grove,2.43308791684712
shady,2.432221741013426
decoy,2.432221741013426
olden,2.4313555651797314
verso,2.4313555651797314
savoy,2.4304893893460373
debar,2.4304893893460373
leafy,2.43005630142919
shark,2.4296232135123432
chard,2.4296232135123432
fruit,2.4296232135123432
adorn,2.429190125595496
scram,2.4287570376786487
clued,2.4283239497618014
sting,2.4265915980944133
crawl,2.4265915980944133
tulle,2.426158510177566
corer,2.426158510177566
latch,2.4248592464270247
cigar,2.4244261585101774
tense,2.4244261585101774
homer,2.4239930705933306
dicey,2.4235599826764833
whose,2.4235599826764833
fresh,2.423126894759636
bagel,2.423126894759636
slack,2.4226938068427892
tasty,2.4226938068427892
surer,2.422260718925942
break,2.4218276310090947
crush,2.4218276310090947
truer,2.421394543092248
diode,2.4209614551754006
graze,2.4209614551754006
ladle,2.4209614551754006
reign,2.4200952793417065
chain,2.4200952793417065
candy,2.419229103508012
lower,2.419229103508012
minor,2.418796015591165
ripen,2.418796015591165
swirl,2.418362927674318
harpy,2.418362927674318
cower,2.4179298397574707
moult,2.417496751840624
shunt,2.4170636639237766
ascot,2.4161974880900825
tuber,2.4157644001732352
flint,2.4148982243395407
tramp,2.4148982243395407
china,2.4135989605889994
unity,2.4135989605889994
scold,2.4131658726721525
basic,2.412299696838458
niche,2.412299696838458
clang,2.411866608921611
pinto,2.411433521004764
chaos,2.411433521004764
tango,2.411433521004764
agent,2.4110004330879167
bilge,2.41056734517107
flake,2.41056734517107
tally,2.4101342572542226
built,2.4092680814205285
stilt,2.4092680814205285
burly,2.4092680814205285
towel,2.4092680814205285
voila,2.4092680814205285
weird,2.4092680814205285
slink,2.4088349935036812
foyer,2.408401905586834
ranch,2.408401905586834
begat,2.407968817669987
globe,2.4071026418362926
burnt,2.4071026418362926
draft,2.4071026418362926
third,2.406669553919446
scarf,2.406669553919446
avert,2.4058033780857513
prank,2.4058033780857513
ratty,2.404937202252057
aptly,2.40450411433521
cress,2.404071026418363
felon,2.403637938501516
testy,2.4032048505846686
medal,2.4027717626678218
refit,2.4027717626678218
still,2.4023386747509745
tonga,2.4019055868341272
salvo,2.4019055868341272
dopey,2.4014724989172804
twice,2.400606323083586
fecal,2.400606323083586
prism,2.400606323083586
wager,2.399740147249892
guilt,2.399740147249892
angel,2.399740147249892
reset,2.3988739714161973
beach,2.3988739714161973
faith,2.3988739714161973
perch,2.3984408834993505
grind,2.3984408834993505
stash,2.3984408834993505
arena,2.398007795582503
goose,2.397574707665656
moose,2.397574707665656
puree,2.397141619748809
guide,2.397141619748809
depot,2.396708531831962
drier,2.396708531831962
unlit,2.3962754439151146
baker,2.3954092680814205
lodge,2.3954092680814205
circa,2.3954092680814205
raven,2.3949761801645733
rally,2.3945430922477264
whine,2.394110004330879
shove,2.393676916414032
dusty,2.393676916414032
wince,2.393243828497185
along,2.393243828497185
panic,2.392810740580338
froth,2.392810740580338
viral,2.3923776526634906
chime,2.3923776526634906
tiara,2.3919445647466437
chafe,2.3919445647466437
plume,2.3915114768297965
alley,2.3915114768297965
media,2.3915114768297965
sinew,2.3915114768297965
lover,2.391078388912949
sneer,2.391078388912949
rhino,2.390212213079255
ridge,2.390212213079255
antic,2.390212213079255
cover,2.389779125162408
amity,2.389346037245561
bland,2.3884798614118665
carry,2.3884798614118665
easel,2.3884798614118665
total,2.3880467734950197
stack,2.3876136855781724
apron,2.387180597661325
drank,2.386747509744478
prize,2.386314421827631
mourn,2.385881333910784
maker,2.385881333910784
spike,2.3850151580770897
oaken,2.3850151580770897
tipsy,2.3837158943265484
acrid,2.383282806409701
snaky,2.383282806409701
lunge,2.382416630576007
flyer,2.38198354265916
harsh,2.38198354265916
bloke,2.3815504547423125
ample,2.3815504547423125
model,2.3811173668254657
badly,2.3811173668254657
piper,2.3806842789086184
spoke,2.380251190991771
gauge,2.380251190991771
guard,2.380251190991771
riser,2.380251190991771
racer,2.3798181030749244
retry,2.3798181030749244
sperm,2.3798181030749244
steel,2.379385015158077
gland,2.37895192724123
angry,2.378518839324383
brief,2.3776526634906885
abide,2.3772195755738417
minty,2.3767864876569944
payee,2.3767864876569944
aloud,2.376353399740147
trust,2.375487223906453
stink,2.3737548722390645
apple,2.3733217843222176
carat,2.3733217843222176
hinge,2.3728886964053704
navel,2.3728886964053704
curve,2.3728886964053704
abode,2.372455608488523
upset,2.372022520571676
mount,2.371589432654829
madly,2.371589432654829
screw,2.3711563447379818
spout,2.3707232568211345
ovine,2.3698570809874404
trick,2.369423993070593
study,2.3689909051537463
graft,2.3689909051537463
audit,2.368557817236899
roost,2.368557817236899
badge,2.368124729320052
grief,2.368124729320052
spurn,2.367691641403205
cacti,2.3672585534863577
birth,2.3668254655695105
there,2.3663923776526636
image,2.3663923776526636
rapid,2.3663923776526636
lurid,2.3659592897358164
spark,2.3659592897358164
aorta,2.365526201818969
cloak,2.364660025985275
reuse,2.364660025985275
otter,2.3633607622347337
stint,2.3633607622347337
tepid,2.3624945864010396
yield,2.3620614984841923
until,2.3620614984841923
prong,2.3620614984841923
caput,2.3620614984841923
covet,2.361628410567345
quite,2.361628410567345
bison,2.3611953226504983
round,2.360762234733651
aloft,2.360762234733651
march,2.360762234733651
bacon,2.360762234733651
primo,2.3603291468168037
spicy,2.3594629709831096
bible,2.3594629709831096
patch,2.3590298830662624
clank,2.3590298830662624
croup,2.358596795149415
trout,2.358596795149415
shrew,2.3581637072325683
rivet,2.357730619315721
girth,2.3572975313988738
retro,2.3572975313988738
vault,2.3572975313988738
binge,2.3572975313988738
mirth,2.3572975313988738
poker,2.356864443482027
sworn,2.356864443482027
quote,2.356864443482027
forth,2.3564313555651797
gnome,2.3564313555651797
token,2.3559982676483324
musty,2.3555651797314856
gusty,2.3555651797314856
knelt,2.3555651797314856
blunt,2.354699003897791
under,2.354699003897791
freak,2.3542659159809443
peace,2.3542659159809443
adobe,2.353832828064097
asset,2.353832828064097
tawny,2.353832828064097
hyena,2.353832828064097
could,2.3533997401472497
power,2.3533997401472497
final,2.3533997401472497
gleam,2.3533997401472497
vista,2.3516673884798616
align,2.3516673884798616
torso,2.3516673884798616
catty,2.3516673884798616
ashen,2.35036812472932
flash,2.35036812472932
blend,2.349935036812473
canny,2.3495019488956257
spend,2.3486357730619316
donut,2.3482026851450843
waive,2.3477695972282375
viola,2.3473365093113903
ralph,2.3473365093113903
inept,2.346903421394543
cramp,2.346037245560849
cross,2.346037245560849
twirl,2.3456041576440017
inner,2.3456041576440017
wheat,2.3456041576440017
proud,2.345171069727155
agree,2.343871805976613
bugle,2.3434387180597662
drawl,2.343005630142919
taunt,2.3425725422260717
suing,2.3425725422260717
golem,2.3412732784755304
tacit,2.3412732784755304
stamp,2.3412732784755304
cleft,2.3408401905586835
charm,2.3404071026418363
silly,2.339540926808142
overt,2.339540926808142
visor,2.339540926808142
press,2.339540926808142
derby,2.339107838891295
lemon,2.339107838891295
fetid,2.338241663057601
shall,2.3378085751407536
lefty,2.3378085751407536
shirk,2.3378085751407536
habit,2.3378085751407536
adult,2.3378085751407536
slosh,2.3369423993070595
lasso,2.3369423993070595
modal,2.336076223473365
angst,2.336076223473365
micro,2.336076223473365
frond,2.335643135556518
lemur,2.335643135556518
manic,2.335643135556518
cycle,2.335210047639671
ovary,2.334343871805977
focal,2.3339107838891295
slung,2.3339107838891295
atoll,2.3339107838891295
liver,2.3339107838891295
smoke,2.3339107838891295
vital,2.3334776959722823
gusto,2.3330446080554355
edict,2.3330446080554355
eaten,2.3330446080554355
chord,2.3330446080554355
flour,2.332611520138588
gonad,2.332178432221741
porch,2.331745344304894
scene,2.331745344304894
rebut,2.331312256388047
class,2.331312256388047
silky,2.331312256388047
debit,2.331312256388047
slick,2.3308791684711996
erode,2.3304460805543523
brass,2.3304460805543523
buyer,2.3304460805543523
maize,2.3304460805543523
shaft,2.3295799047206582
tumor,2.328713728886964
cabin,2.328280640970117
movie,2.3278475530532696
fraud,2.3265482893027283
canon,2.3261152013858815
grimy,2.325682113469034
altar,2.325249025552187
ombre,2.325249025552187
azure,2.325249025552187
parry,2.3239497618016456
drill,2.3235166738847988
briar,2.3230835859679515
perky,2.3230835859679515
worth,2.3230835859679515
handy,2.3226504980511042
fancy,2.3222174101342574
bulge,2.3222174101342574
glove,2.32178432221741
cheap,2.32178432221741
snack,2.32178432221741
grass,2.320918146383716
wreak,2.320918146383716
dress,2.320485058466869
cling,2.3200519705500215
genre,2.3200519705500215
allot,2.3200519705500215
disco,2.3196188826331747
trunk,2.3196188826331747
bring,2.3191857947163275
blaze,2.3191857947163275
droll,2.31875270679948
covey,2.317886530965786
sappy,2.317886530965786
amble,2.317020355132092
maybe,2.3161541792983975
drift,2.3152880034647034
brawl,2.314421827631009
tithe,2.3122563880467735
flesh,2.311823300129926
greet,2.311823300129926
world,2.311823300129926
notch,2.311823300129926
mauve,2.3113902122130794
batch,2.3113902122130794
vaunt,2.3113902122130794
ghost,2.310957124296232
swath,2.310524036379385
bleak,2.310524036379385
stool,2.310090948462538
wider,2.310090948462538
ethos,2.310090948462538
brush,2.3096578605456908
glaze,2.3096578605456908
shank,2.3092247726288435
agony,2.3092247726288435
owner,2.3092247726288435
speak,2.3092247726288435
usher,2.3083585967951494
tulip,2.3083585967951494
bused,2.3083585967951494
quart,2.307925508878302
gnash,2.3074924209614553
balmy,2.306193157210914
smith,2.306193157210914
gourd,2.306193157210914
zesty,2.3053269813772195
crypt,2.3053269813772195
prawn,2.3053269813772195
flout,2.3044608055435254
lorry,2.3035946297098313
choke,2.3022953659592895
audio,2.3022953659592895
rabid,2.3018622780424427
sheik,2.3018622780424427
began,2.3018622780424427
match,2.3018622780424427
strut,2.3014291901255954
being,2.300996102208748
brisk,2.3005630142919014
sheer,2.3005630142919014
prior,2.3005630142919014
wafer,2.300129926375054
coach,2.299696838458207
urban,2.299696838458207
linen,2.29926375054136
leery,2.29926375054136
shell,2.29926375054136
cello,2.29926375054136
stung,2.2988306626245127
cloud,2.2983975747076655
caulk,2.2979644867908187
field,2.2975313988739714
relax,2.297098310957124
blind,2.2966652230402773
color,2.2966652230402773
mower,2.29623213512343
stick,2.295799047206583
robin,2.295365959289736
crazy,2.2949328713728887
drink,2.2949328713728887
tryst,2.2949328713728887
tunic,2.2944997834560414
plank,2.2944997834560414
gouge,2.2940666955391946
sooth,2.2940666955391946
touch,2.2936336076223474
nobly,2.2936336076223474
belie,2.2936336076223474
beret,2.2936336076223474
tubal,2.2932005197055
hover,2.2932005197055
graph,2.2932005197055
shaky,2.2927674317886533
truss,2.2919012559549587
harry,2.2919012559549587
blond,2.2919012559549587
infer,2.2919012559549587
deter,2.291468168038112
stock,2.2910350801212647
synod,2.2910350801212647
frank,2.2906019922044174
phony,2.2901689042875706
churn,2.2897358163707233
agate,2.289302728453876
rehab,2.289302728453876
heavy,2.2888696405370292
welsh,2.2880034647033347
crepe,2.2875703767864874
month,2.2871372888696406
patty,2.2871372888696406
novel,2.2867042009527934
chirp,2.2867042009527934
drawn,2.286271113035946
newly,2.2858380251190993
godly,2.285404937202252
threw,2.285404937202252
grill,2.285404937202252
swarm,2.284538761368558
topic,2.2841056734517107
deign,2.2832394976180166
cavil,2.282373321784322
dryly,2.2819402338674752
gravy,2.2819402338674752
sprig,2.281507145950628
lanky,2.2810740580337807
slunk,2.2810740580337807
coyly,2.280640970116934
shelf,2.280640970116934
adept,2.280640970116934
these,2.2802078822000866
catch,2.2789086184495453
ruler,2.278042442615851
login,2.277609354699004
sword,2.2771762667821567
belch,2.27674317886531
denim,2.27674317886531
gavel,2.27674317886531
ebony,2.27674317886531
flume,2.2763100909484626
alloy,2.2763100909484626
order,2.2758770030316153
foamy,2.274577739281074
titan,2.2741446513642267
aware,2.27371156344738
eagle,2.2732784755305326
crown,2.2732784755305326
sheet,2.2724122996968386
joist,2.2724122996968386
dense,2.2719792117799913
tacky,2.2719792117799913
fetus,2.271546123863144
lofty,2.271113035946297
pithy,2.27067994802945
bravo,2.2689475963620613
mover,2.2680814205283673
vague,2.26764833261152
petty,2.26764833261152
clink,2.267215244694673
marry,2.266782156777826
unmet,2.266782156777826
lapel,2.2663490688609786
brink,2.2663490688609786
froze,2.2663490688609786
vicar,2.265915980944132
sight,2.265915980944132
abate,2.2654828930272846
shawl,2.2654828930272846
prowl,2.2654828930272846
lyric,2.2654828930272846
penny,2.2654828930272846
creme,2.2650498051104373
abled,2.2650498051104373
snowy,2.2650498051104373
siege,2.2646167171935905
exalt,2.2646167171935905
moldy,2.2646167171935905
psalm,2.2646167171935905
wield,2.264183629276743
child,2.263317453443049
rival,2.263317453443049
doing,2.262884365526202
preen,2.262884365526202
pesky,2.262884365526202
waver,2.262884365526202
gooey,2.262884365526202
dross,2.2624512776093546
yacht,2.262018189692508
whirl,2.2611520138588133
valve,2.2607189259419664
midst,2.260285838025119
vapor,2.259852750108272
sunny,2.2594196621914246
erect,2.2594196621914246
sense,2.258986574274578
cyber,2.2581203984408833
brawn,2.2576873105240365
dally,2.2576873105240365
dowel,2.256821134690342
risky,2.256821134690342
neigh,2.256821134690342
berry,2.256821134690342
turbo,2.256821134690342
essay,2.256388046773495
thief,2.255954958856648
fiber,2.2555218709398006
friar,2.2555218709398006
rearm,2.2555218709398006
butte,2.2555218709398006
coven,2.2555218709398006
salad,2.255088783022954
crimp,2.2542226071892593
valid,2.2542226071892593
demon,2.2542226071892593
chasm,2.2542226071892593
enter,2.2537895192724124
teddy,2.2537895192724124
gaudy,2.253356431355565
utter,2.253356431355565
meter,2.253356431355565
stout,2.252923343438718
thyme,2.252923343438718
sauna,2.252490255521871
lurch,2.252057167605024
fiend,2.2516240796881766
sully,2.2511909917713298
demur,2.2507579038544825
tutor,2.2498917280207884
youth,2.249458640103941
diver,2.249025552187094
incur,2.2481593763534
ingot,2.2481593763534
creed,2.2477262884365525
odder,2.2477262884365525
crack,2.2477262884365525
octet,2.2472932005197057
privy,2.2472932005197057
wordy,2.2472932005197057
merry,2.2472932005197057
blank,2.2468601126028585
algae,2.246427024686011
plush,2.245993936769164
sumac,2.245993936769164
stunk,2.245993936769164
vocal,2.245560848852317
spank,2.245560848852317
gayly,2.24512776093547
haven,2.24512776093547
stomp,2.2446946730186226
annoy,2.2442615851017758
wooer,2.2433954092680812
mangy,2.2433954092680812
quiet,2.2429623213512344
pound,2.2429623213512344
steed,2.2429623213512344
sulky,2.2429623213512344
mouth,2.2429623213512344
theta,2.242529233434387
amber,2.242529233434387
extra,2.242529233434387
lumen,2.24209614551754
truck,2.241663057600693
locus,2.2407968817669985
gazer,2.2407968817669985
serve,2.2399307059333045
hefty,2.2399307059333045
batty,2.239497618016457
natal,2.239497618016457
often,2.2390645300996104
amend,2.238631442182763
joint,2.238198354265916
nasal,2.238198354265916
abase,2.237765266349069
dandy,2.237765266349069
shift,2.237765266349069
rhyme,2.2373321784322218
befit,2.2373321784322218
group,2.2368990905153745
thank,2.2364660025985277
gassy,2.2364660025985277
polka,2.2364660025985277
prick,2.2360329146816804
depth,2.2360329146816804
nomad,2.2360329146816804
dowry,2.235599826764833
spell,2.235599826764833
stunt,2.235599826764833
clamp,2.234733650931139
niece,2.234300563014292
beset,2.2334343871805977
frisk,2.2330012992637505
rupee,2.231702035513209
viper,2.231702035513209
sigma,2.231268947596362
drool,2.231268947596362
shack,2.231268947596362
liken,2.231268947596362
genie,2.230835859679515
begin,2.230835859679515
syrup,2.2295365959289737
throb,2.2291035080121264
bowel,2.2282373321784323
datum,2.227804244261585
smirk,2.227804244261585
small,2.227804244261585
ethic,2.227371156344738
frill,2.227371156344738
sleep,2.226938068427891
ardor,2.226938068427891
birch,2.226938068427891
ester,2.2265049805110437
hyper,2.2260718925941965
knead,2.2260718925941965
query,2.2256388046773496
botch,2.2252057167605024
filth,2.2252057167605024
fetch,2.2243395409268083
gross,2.2243395409268083
bayou,2.223906453009961
elide,2.223906453009961
bench,2.2234733650931138
about,2.2234733650931138
build,2.2234733650931138
nudge,2.223040277176267
adopt,2.2226071892594197
tempo,2.2221741013425724
dwelt,2.2213079255088783
mango,2.220874837592031
scrum,2.220874837592031
elfin,2.2195755738414897
pasta,2.2195755738414897
issue,2.219142485924643
juice,2.2187093980077957
ivory,2.2182763100909484
wring,2.2182763100909484
druid,2.217843222174101
purer,2.216110870506713
rebus,2.2156777825898657
hovel,2.2156777825898657
pitch,2.2156777825898657
midge,2.2152446946730184
verse,2.2148116067561716
local,2.2143785188393244
guild,2.213945430922477
slush,2.213945430922477
bigot,2.213945430922477
chalk,2.2135123430056303
wrong,2.2135123430056303
flask,2.2135123430056303
eager,2.2126461671719357
dodge,2.2117799913382417
hatch,2.2109138155045476
giver,2.2109138155045476
hound,2.2109138155045476
watch,2.2104807275877003
belly,2.2096145517540062
glass,2.2096145517540062
growl,2.208315288003465
shrug,2.208315288003465
swept,2.208315288003465
basis,2.208315288003465
totem,2.2074491121697704
dimly,2.2065829363360763
zonal,2.206149848419229
green,2.205716760502382
sixty,2.205716760502382
mecca,2.2048505846686877
caddy,2.204417496751841
shyly,2.204417496751841
bonus,2.2039844088349936
gamut,2.2039844088349936
apart,2.2035513209181463
boost,2.203118233001299
shoot,2.203118233001299
gauze,2.2026851450844522
hello,2.2026851450844522
label,2.2018189692507577
knave,2.2018189692507577
bicep,2.2018189692507577
lingo,2.2005197055002164
below,2.1996535296665223
blush,2.198354265915981
scamp,2.1979211779991337
thing,2.197488090082287
jaunt,2.1966219142485923
creep,2.1966219142485923
canal,2.1966219142485923
ditch,2.1966219142485923
fella,2.1961888263317455
troop,2.1961888263317455
bound,2.195322650498051
trump,2.195322650498051
piece,2.195322650498051
debut,2.194456474664357
crowd,2.193590298830663
eight,2.193590298830663
gipsy,2.1931572109138155
thong,2.1927241229969683
clung,2.1922910350801215
steep,2.191857947163274
fluke,2.19099177132958
motor,2.1901255954958856
drown,2.1896925075790383
ferry,2.1892594196621915
smell,2.1892594196621915
macho,2.1892594196621915
tenth,2.1892594196621915
rodeo,2.1892594196621915
rural,2.1888263317453442
soggy,2.188393243828497
hazel,2.188393243828497
dryer,2.188393243828497
brick,2.188393243828497
elope,2.187527067994803
feign,2.1870939800779556
chief,2.1870939800779556
booty,2.1870939800779556
toddy,2.1870939800779556
logic,2.1862278042442616
mound,2.1857947163274143
betel,2.1853616284105675
roger,2.184062364660026
alarm,2.183629276743179
medic,2.183629276743179
flail,2.183629276743179
quest,2.1831961888263316
awoke,2.1827631009094848
above,2.1827631009094848
conic,2.1823300129926375
spill,2.1823300129926375
scowl,2.1818969250757903
vogue,2.1814638371589434
eying,2.1814638371589434
favor,2.181030749242096
pushy,2.181030749242096
tying,2.181030749242096
bless,2.180597661325249
rider,2.180597661325249
mocha,2.179731485491555
flank,2.1792983975747076
wrack,2.1792983975747076
devil,2.1792983975747076
pence,2.1788653096578607
itchy,2.177999133824166
right,2.1775660459073194
scrub,2.177132957990472
widen,2.175833694239931
welch,2.175833694239931
scuba,2.1754006063230835
laugh,2.1754006063230835
admit,2.1749675184062363
showy,2.1745344304893894
stood,2.173668254655695
women,2.173235166738848
fatty,2.1719359029883067
rebar,2.1715028150714595
dolly,2.1715028150714595
legal,2.1715028150714595
segue,2.171069727154612
music,2.171069727154612
rocky,2.170203551320918
throw,2.170203551320918
fanny,2.169770463404071
optic,2.169770463404071
krill,2.169770463404071
quail,2.169337375487224
black,2.168904287570377
stuck,2.1680381117366827
drunk,2.167171935902988
armor,2.167171935902988
sheen,2.166305760069294
boxer,2.166305760069294
loyal,2.166305760069294
shrub,2.1641403204850587
humor,2.163274144651364
quota,2.163274144651364
truth,2.163274144651364
squat,2.1628410567345173
flaky,2.1628410567345173
colon,2.16240796881767
clown,2.161974880900823
lucid,2.161974880900823
ensue,2.1615417929839755
exist,2.1611087050671287
brown,2.1611087050671287
video,2.1606756171502814
pouch,2.160242529233434
morph,2.160242529233434
donor,2.1598094413165874
bossy,2.1598094413165874
going,2.1598094413165874
cheer,2.158943265482893
abhor,2.158943265482893
seedy,2.158510177566046
holly,2.158510177566046
sloop,2.1576440017323515
riper,2.1572109138155047
slump,2.1567778258986574
tough,2.1567778258986574
curry,2.1567778258986574
crick,2.1559116500649633
blink,2.155045474231269
femur,2.154612386314422
fishy,2.1541792983975747
elder,2.1537462104807275
omega,2.1537462104807275
knife,2.1533131225638806
sewer,2.1533131225638806
wryly,2.152446946730186
motif,2.1520138588133393
leper,2.1520138588133393
grown,2.151580770896492
basal,2.151580770896492
crock,2.1511476829796448
wagon,2.1502815071459507
mossy,2.1502815071459507
magic,2.1494153313122566
radii,2.1494153313122566
elect,2.1481160675617152
leave,2.147682979644868
pinch,2.1472498917280207
honor,2.1468168038111735
anvil,2.1468168038111735
hence,2.1468168038111735
whiny,2.1463837158943266
salsa,2.1459506279774794
vegan,2.1459506279774794
evict,2.145517540060632
spawn,2.1450844521437853
doubt,2.144651364226938
joust,2.144651364226938
envoy,2.144651364226938
think,2.144651364226938
impel,2.143785188393244
iliac,2.1433521004763967
aping,2.1429190125595494
fleet,2.1424859246427026
quilt,2.141619748809008
empty,2.1411866608921613
rough,2.1411866608921613
input,2.140753572975314
wreck,2.140753572975314
exact,2.140753572975314
fling,2.1403204850584667
would,2.1403204850584667
paddy,2.13988739714162
borax,2.1390212213079254
arbor,2.1390212213079254
sassy,2.1385881333910786
dingy,2.1381550454742313
udder,2.137721957557384
minus,2.137288869640537
spiky,2.137288869640537
budge,2.1364226938068427
rerun,2.1364226938068427
clack,2.1364226938068427
sleek,2.1364226938068427
epoch,2.1355565179731486
breed,2.1355565179731486
thrum,2.1351234300563013
shock,2.1346903421394545
amply,2.13382416630576
bushy,2.1333910783889127
golly,2.1333910783889127
tabby,2.132957990472066
fluid,2.1325249025552186
duvet,2.1325249025552186
smash,2.1320918146383714
rarer,2.13079255088783
flush,2.13079255088783
zebra,2.130359462970983
sieve,2.129060199220442
speck,2.129060199220442
proxy,2.1281940233867473
hydro,2.1281940233867473
woman,2.1281940233867473
found,2.1277609354699005
bliss,2.1273278475530533
crump,2.126461671719359
repel,2.126461671719359
greed,2.126028583802512
light,2.1255954958856647
apply,2.1255954958856647
aroma,2.125162407968818
sever,2.125162407968818
curvy,2.125162407968818
lunch,2.1247293200519706
ditty,2.1247293200519706
cumin,2.1247293200519706
pivot,2.1247293200519706
liege,2.1242962321351233
conch,2.1242962321351233
swami,2.1238631442182765
mushy,2.1238631442182765
upper,2.122563880467735
stoop,2.122563880467735
semen,2.1216977046340406
stump,2.1216977046340406
ghoul,2.1216977046340406
quasi,2.121264616717194
smack,2.121264616717194
afoul,2.119532265049805
eerie,2.1186660892161107
virus,2.118233001299264
frock,2.116067561715028
dingo,2.115634473798181
deuce,2.115634473798181
major,2.115201385881334
downy,2.115201385881334
moron,2.1147682979644866
leggy,2.1147682979644866
dilly,2.11433521004764
lying,2.1134690342139453
gloss,2.1130359462970985
oxide,2.112602858380251
shown,2.112169770463404
merge,2.112169770463404
abbey,2.111736682546557
dutch,2.10827197921178
vomit,2.10827197921178
recur,2.107405803378086
staff,2.1069727154612385
creek,2.1061065396275445
detox,2.10524036379385
chill,2.104374187960156
usual,2.104374187960156
forum,2.104374187960156
young,2.1035080121264618
gaffe,2.1035080121264618
union,2.1030749242096145
lilac,2.1026418362927672
tweak,2.1026418362927672
ditto,2.1022087483759204
snuck,2.1022087483759204
blurb,2.101775660459073
swell,2.101775660459073
flack,2.101342572542226
floor,2.101342572542226
hilly,2.101342572542226
chess,2.101342572542226
annul,2.100909484625379
ether,2.0996102208748377
human,2.0991771329579905
night,2.098744045041143
pupil,2.098744045041143
wispy,2.0983109571242964
toxin,2.097011693373755
elude,2.0961455175400605
bitty,2.0961455175400605
filmy,2.0952793417063664
extol,2.0944131658726723
nutty,2.0944131658726723
wound,2.0944131658726723
begun,2.093980077955825
spasm,2.093980077955825
using,2.093546990038978
frown,2.093546990038978
venom,2.093113902122131
missy,2.093113902122131
melee,2.0926808142052837
ruder,2.0922477262884365
twang,2.0918146383715897
among,2.0918146383715897
rowdy,2.0913815504547424
quake,2.0913815504547424
wrung,2.090515374621048
spool,2.090082286704201
worry,2.0892161108705065
cough,2.087916847119965
attic,2.087916847119965
seize,2.0874837592031183
bingo,2.087050671286271
vigor,2.086184495452577
smoky,2.086184495452577
billy,2.0857514075357297
fatal,2.0853183196188825
banal,2.0844521437851884
where,2.0844521437851884
comma,2.0835859679514943
modem,2.0835859679514943
pulpy,2.083152880034647
undue,2.0818536162841057
junta,2.0814205283672584
couch,2.080121264616717
butch,2.0796881766998703
imbue,2.0796881766998703
happy,2.0796881766998703
pixel,2.079255088783023
slyly,2.0788220008661757
given,2.0766565612819403
helix,2.076223473365093
roomy,2.075790385448246
obese,2.075790385448246
folly,2.075357297531399
rower,2.075357297531399
sweet,2.0749242096145517
plunk,2.0749242096145517
taboo,2.0749242096145517
adage,2.0744911216977044
mogul,2.0744911216977044
oddly,2.0744911216977044
woken,2.0740580337808576
tepee,2.0740580337808576
nerve,2.0727587700303163
swing,2.0727587700303163
avoid,2.0727587700303163
vowel,2.072325682113469
block,2.072325682113469
pinky,2.0718925941966218
egret,2.0705933304460804
reedy,2.0701602425292336
wooly,2.0701602425292336
weigh,2.069294066695539
fritz,2.0688609787786922
ninth,2.0688609787786922
admin,2.0688609787786922
fudge,2.0688609787786922
koala,2.068427890861845
pique,2.0679948029449977
freed,2.0679948029449977
milky,2.0679948029449977
hitch,2.067561715028151
cinch,2.0671286271113036
witch,2.0671286271113036
thick,2.0666955391944564
brood,2.0662624512776095
mania,2.064530099610221
cabby,2.0640970116933737
fence,2.063663923776527
dogma,2.0632308358596796
windy,2.0627977479428323
fleck,2.0627977479428323
icily,2.062364660025985
rebel,2.0619315721091382
axion,2.061498484192291
climb,2.0610653962754437
etude,2.0610653962754437
rabbi,2.060632308358597
edify,2.0601992204417496
hurry,2.0601992204417496
focus,2.0597661325249024
sixth,2.0588999566912083
punch,2.0588999566912083
dozen,2.058466868774361
libel,2.058466868774361
unfit,2.0571676050238197
sushi,2.056734517106973
snoop,2.056734517106973
putty,2.0554352533564315
hymen,2.0554352533564315
floss,2.0550021654395842
gulch,2.0550021654395842
mulch,2.0550021654395842
occur,2.05413598960589
murky,2.053702901689043
whelp,2.0524036379385016
guess,2.0519705500216543
blown,2.049805110437419
heave,2.049805110437419
swill,2.0485058466868775
robot,2.0480727587700303
savvy,2.0480727587700303
imply,2.0480727587700303
ought,2.047639670853183
rover,2.047206582936336
loopy,2.0463404071026416
taffy,2.0463404071026416
drama,2.0463404071026416
exult,2.0450411433521003
vapid,2.0450411433521003
click,2.0446080554352535
unify,2.0446080554352535
crumb,2.0446080554352535
swash,2.0446080554352535
droop,2.043741879601559
champ,2.043308791684712
woven,2.0424426158510176
apnea,2.042009527934171
fixer,2.0415764400173235
skill,2.0415764400173235
tenet,2.0415764400173235
equal,2.0411433521004763
ennui,2.0411433521004763
swift,2.040277176266782
abbot,2.040277176266782
booth,2.040277176266782
clock,2.039844088349935
gecko,2.039411000433088
wharf,2.038977912516241
joker,2.0385448245993936
havoc,2.0385448245993936
aging,2.0372455608488522
crook,2.0368124729320054
sheep,2.035513209181464
agape,2.035080121264617
tibia,2.0342139454309223
topaz,2.033347769597228
spoon,2.033347769597228
augur,2.032048505846687
finch,2.032048505846687
dusky,2.0316154179298396
theme,2.0311823300129928
quash,2.0311823300129928
blimp,2.0307492420961455
hussy,2.0298830662624514
dying,2.02858380251191
aphid,2.0277176266782155
penne,2.026418362927674
ruddy,2.0259852750108274
spunk,2.0259852750108274
dully,2.0259852750108274
folio,2.0259852750108274
polyp,2.02555218709398
blitz,2.025119099177133
smock,2.024686011260286
bleed,2.0242529233434388
chili,2.0238198354265915
ionic,2.0229536595928974
speed,2.0229536595928974
umbra,2.021654395842356
enjoy,2.0207882200086615
baggy,2.0207882200086615
fifty,2.0199220441749675
husky,2.018622780424426
arrow,2.018622780424426
duchy,2.018189692507579
filly,2.018189692507579
idiot,2.017756604590732
waxen,2.0173235166738848
amiss,2.0160242529233434
stiff,2.0151580770896493
clump,2.0151580770896493
elbow,2.014291901255955
offer,2.013858813339108
flung,2.0125595495885666
bawdy,2.0121264616717194
rigor,2.011693373754872
shuck,2.011693373754872
nylon,2.011693373754872
bunch,2.0112602858380253
flick,2.0095279341706367
cocoa,2.007795582503248
waltz,2.0064963187527067
width,2.0060632308358595
bunny,2.0056301429190126
toxic,2.0056301429190126
flock,2.004763967085318
junto,2.004763967085318
jerky,2.004763967085318
dough,2.0043308791684713
twist,2.00303161541793
error,2.0025985275010827
might,2.0025985275010827
kiosk,2.0025985275010827
ficus,2.0025985275010827
munch,2.0017323516673886
endow,2.0012992637505413
winch,1.9987007362494587
rumba,1.9982676483326116
bully,1.9974014724989173
pluck,1.9969683845820703
sissy,1.9952360329146817
picky,1.9952360329146817
witty,1.9952360329146817
comfy,1.9943698570809874
musky,1.9935036812472933
eking,1.9935036812472933
needy,1.9913382416630576
seven,1.9909051537462106
wacky,1.9900389779125163
river,1.9900389779125163
comic,1.9900389779125163
bulky,1.989172802078822
ahead,1.9883066262451277
album,1.9878735383282806
gully,1.9878735383282806
thigh,1.9878735383282806
unfed,1.9874404504114336
swamp,1.9874404504114336
newer,1.9861411866608922
furor,1.985708098744045
lever,1.9848419229103509
willy,1.9848419229103509
limit,1.9844088349935036
villa,1.9839757470766566
vinyl,1.9839757470766566
flown,1.982243395409268
alibi,1.982243395409268
aglow,1.981810307492421
quark,1.9805110437418796
await,1.9805110437418796
beget,1.9800779558250325
hutch,1.9792117799913382
lobby,1.9792117799913382
scoop,1.9792117799913382
unwed,1.978345604157644
squad,1.9770463404071026
furry,1.9770463404071026
broom,1.9770463404071026
cabal,1.9761801645734085
bough,1.9757470766565612
ledge,1.9753139887397142
visit,1.97444781290602
bleep,1.9731485491554785
lucky,1.9727154612386315
banjo,1.9714161974880902
dwarf,1.970983109571243
kitty,1.970983109571243
juicy,1.970983109571243
opium,1.9705500216543959
belle,1.9705500216543959
tatty,1.9701169337375488
photo,1.9692507579038545
rotor,1.9692507579038545
bylaw,1.9688176699870075
groom,1.967518406236466
elegy,1.967518406236466
aloof,1.967518406236466
verge,1.9657860545690775
lumpy,1.9649198787353832
dodgy,1.9640537029016891
quoth,1.9623213512343005
cacao,1.9618882633174535
condo,1.9605889995669121
array,1.9601559116500649
flunk,1.9597228237332178
revel,1.9592897358163708
qualm,1.9584235599826765
never,1.9579904720658294
limbo,1.9579904720658294
vouch,1.956691208315288
goody,1.9549588566478995
blood,1.9549588566478995
moody,1.9549588566478995
renew,1.9540926808142052
leech,1.9540926808142052
knoll,1.9527934170636638
swish,1.9527934170636638
hunky,1.9514941533131225
rugby,1.9501948895625811
fugue,1.9501948895625811
jetty,1.949328713728887
sniff,1.949328713728887
biddy,1.9488956258120398
humid,1.9484625378951927
again,1.9484625378951927
cynic,1.9480294499783457
chunk,1.9480294499783457
pooch,1.9480294499783457
venue,1.9475963620614984
fussy,1.9467301862278041
revue,1.94586401039411
swung,1.9449978345604158
fight,1.9445647466435687
shush,1.9436985708098744
owing,1.94283239497618
allow,1.942399307059333
howdy,1.9415331312256388
delve,1.9406669553919447
pubic,1.9406669553919447
giddy,1.939367691641403
askew,1.938934603724556
jelly,1.938934603724556
funny,1.9380684278908618
afoot,1.9376353399740147
defer,1.9372022520571677
geese,1.9367691641403204
hippy,1.9363360762234734
pudgy,1.9363360762234734
proof,1.9363360762234734
usurp,1.935036812472932
kneel,1.934603724556085
uncut,1.9337375487223907
larva,1.9333044608055436
weave,1.9333044608055436
fauna,1.931139021221308
fully,1.9298397574707666
undid,1.927674317886531
nanny,1.9255088783022953
piggy,1.9250757903854483
lowly,1.924642702468601
brook,1.924642702468601
skulk,1.9216110870506713
papal,1.9216110870506713
mambo,1.9211779991338243
enema,1.920744911216977
debug,1.919878735383283
parka,1.9177132957990473
rumor,1.9172802078822
cluck,1.916847119965353
knack,1.916847119965353
booze,1.9138155045474232
skull,1.9138155045474232
hippo,1.9138155045474232
theft,1.9125162407968819
wight,1.9112169770463403
hunch,1.9107838891294933
cliff,1.9086184495452576
check,1.9064530099610222
digit,1.9055868341273279
razor,1.9047206582936336
index,1.9012559549588566
swoon,1.8995236032914682
fungi,1.8969250757903855
whisk,1.8969250757903855
epoxy,1.8956258120398441
gypsy,1.8956258120398441
bosom,1.8951927241229969
exile,1.8934603724556085
daddy,1.8930272845387615
adapt,1.8930272845387615
thump,1.8925941966219142
axiom,1.8925941966219142
offal,1.8912949328713728
pagan,1.8891294932871372
quirk,1.8886964053702902
skimp,1.8886964053702902
kebab,1.8873971416197488
flood,1.8873971416197488
annex,1.8873971416197488
tight,1.8873971416197488
stuff,1.8873971416197488
outdo,1.8839324382849718
award,1.8839324382849718
allay,1.8839324382849718
glyph,1.8817669987007362
hobby,1.8813339107838891
freer,1.880900822867042
pixie,1.8804677349501948
dumpy,1.8800346470333478
avail,1.8796015591165007
kinky,1.8783022953659594
hedge,1.877436119532265
whack,1.8765699436985708
dwell,1.8765699436985708
shook,1.8757037678648765
skunk,1.8757037678648765
evade,1.8752706799480294
fifth,1.8731052403637938
jolly,1.8722390645300997
plumb,1.8687743611953227
wheel,1.8683412732784754
funky,1.8683412732784754
foggy,1.867042009527934
scoff,1.867042009527934
enemy,1.866608921611087
tooth,1.86617583369424
timid,1.86617583369424
bloom,1.8657427457773927
plump,1.8657427457773927
judge,1.8657427457773927
woody,1.8635773061931573
gawky,1.86314421827631
every,1.8622780424426157
buddy,1.8605456907752274
dowdy,1.8566478995236033
rigid,1.8566478995236033
gloom,1.8562148116067563
ozone,1.8562148116067563
forgo,1.8540493720225206
awake,1.8531831961888263
chick,1.8531831961888263
queer,1.851450844521438
muddy,1.8510177566045907
quell,1.8501515807708966
mucky,1.8497184928540493
mammy,1.8492854049372023
chock,1.848419229103508
naval,1.847986141186661
vodka,1.8471199653529666
igloo,1.844521437851884
vying,1.844088349935037
which,1.8427890861844956
lupus,1.8419229103508012
beech,1.84062364660026
wimpy,1.8388912949328713
sweep,1.8380251190991772
khaki,1.8362927674317886
lipid,1.8349935036812473
fewer,1.8319618882633175
karma,1.830229536595929
outgo,1.8297964486790819
verve,1.8284971849285405
idyll,1.826764833261152
alpha,1.8241663057600692
chump,1.8237332178432222
guppy,1.8228670420095279
snuff,1.8215677782589865
booby,1.8202685145084452
knock,1.8202685145084452
vixen,1.8189692507579038
manga,1.8185361628410568
tweed,1.8163707232568211
cubic,1.8163707232568211
onion,1.8137721957557384
spook,1.8120398440883498
thumb,1.8107405803378085
exert,1.8094413165872671
chaff,1.80900822867042
goofy,1.808575140753573
teeth,1.8064097011693374
poppy,1.8046773495019488
weedy,1.8038111736682547
fever,1.8038111736682547
cheek,1.8033780857514075
civil,1.8029449978345604
assay,1.8025119099177134
dummy,1.8003464703334777
myrrh,1.7994802944997834
radar,1.7990472065829364
kneed,1.798181030749242
mucus,1.798181030749242
quill,1.7968817669987007
bongo,1.794283239497618
fjord,1.793850151580771
bevel,1.793850151580771
awash,1.7929839757470767
buggy,1.7890861844954526
icing,1.7856214811606756
event,1.7856214811606756
equip,1.7825898657427457
juror,1.7825898657427457
quack,1.7821567778258987
ninny,1.7821567778258987
amaze,1.7817236899090516
widow,1.7786920744911217
mafia,1.7786920744911217
spoof,1.776093546990039
squib,1.7730619315721092
motto,1.7713295799047206
abyss,1.7704634040710263
gruff,1.7704634040710263
swoop,1.768731052403638
bobby,1.7661325249025552
avian,1.7656994369857082
ember,1.7644001732351668
gummy,1.7622347336509312
wedge,1.7609354699003898
awful,1.7592031182330012
beefy,1.7583369423993072
geeky,1.7557384148982242
maxim,1.7518406236466002
gumbo,1.7466435686444348
idiom,1.7427457773928108
emcee,1.7418796015591165
ninja,1.7340840190558684
lymph,1.72932005197055
axial,1.725855348635773
chuck,1.725422260718926
queen,1.7171935902988307
plaza,1.7098310957124296
humus,1.707665656128194
minim,1.7067994802944997
nymph,1.7024686011260286
inbox,1.6981377219575573
tweet,1.696405370290169
quick,1.6903421394543092
llama,1.6881766998700736
amass,1.6816803811173668
puffy,1.6812472932005198
bezel,1.6803811173668255
refer,1.6782156777825898
femme,1.6773495019488955
pygmy,1.6734517106972715
vigil,1.6717193590298831
macaw,1.6699870073624945
unzip,1.6695539194456475
bluff,1.6686877436119532
livid,1.667821567778259
boozy,1.6660892161108705
rajah,1.6617583369423994
puppy,1.6591598094413167
skiff,1.6543958423559983
madam,1.6448679081853617
guava,1.642269380684279
evoke,1.639237765266349
mummy,1.6175833694239932
whoop,1.6115201385881335
mimic,1.6067561715028151
level,1.6067561715028151
known,1.6054569077522738
humph,1.6041576440017324
buxom,1.6024252923343438
ovoid,1.6011260285838025
eject,1.5972282373321784
excel,1.5950627977479428
aback,1.5941966219142485
queue,1.5898657427457774
jumpy,1.5807708964919878
magma,1.5716760502381983
gamma,1.5690775227371156
woozy,1.5651797314854916
jewel,1.5513209181463836
embed,1.5504547423126895
fluff,1.544824599393677
pizza,1.5305326981377219
kayak,1.5305326981377219
expel,1.5158077089649198
kappa,1.5140753572975314
whiff,1.5041143352100477
twixt,1.5041143352100477
jumbo,1.4854915547856216
civic,1.4660025985275011
dizzy,1.4573408401905588
jiffy,1.451277609354699
mamma,1.4244261585101776
affix,1.4200952793417063
vivid,1.3958423559982676
fizzy,1.361195322650498
jazzy,1.3014291901255954
fuzzy,1.2728453876136856
